opt1	opt2	type	corr_opt	sent	full_id
previsioni	previsione	control	2	Il dialogo Lapponia Iran , l' inizio effettivo che l' ha dichiarata cinquanta emigrati disperatamente dimostrando di avventurarsi la	f_contr_0
catene	catena	control	1	""" I love you too "" richiama in accordo la Stelle che tra promozioni , decori di combustione e le"	f_contr_1
nera	nere	control	1	Magari alla collegiale Kademi Monaco , neppure si è mica rigenerata per la ritenzione là rimanendo di impostare inoltre una	f_contr_2
isolato	isolati	control	2	Soros Dog aveva raggiunto Fabiana Anne nel duecentomila a Paterno durante i colori	f_contr_4
nera	nere	control	1	Il Sinatra , minacciato ivi con un zero zero ventisei guidato da una banca	f_contr_5
ufficio	uffici	control	1	Lo climatico palcoscenico comporta il Red che determina il progetto e duramente risponde food a un comizio caratterizzato dall'	f_contr_6
sbandamento	sbandamenti	control	1	All' inizio del secondo tempo il Boca approfitta di uno	f_contr_7
controllore	controllori	control	2	Intanto il Miriam realizza a Salvini in Metallica ben verrà sollecitato l' americano nonno personalmente dei	f_contr_9
brasiliano	brasiliani	control	1	Ma il disturbo Danimarca detiene che brevemente come questa gola il Massimo è	f_contr_11
inclusi	incluso	control	1	Il ndr di Gramigna Nuvolari , il minor torneo tra gli	f_contr_12
innamorato	innamorati	control	2	Wacław , generalmente , è stato staccato fresco nei sindacati	f_contr_13
danesi	danese	control	2	nemmeno si renda allo rapimento e mica si ritenga illegale prosecuzione altresì che un discorso	f_contr_14
valido	validi	control	1	Pur , con collettività neppure morta dalla probabilità , si accolga la compagna al	f_contr_15
misura	misure	control	1	""" Siamo stati loro nemici , certi interventi sembrano fatti su"	f_contr_17
tasca	tasche	control	2	Il suo ricorso è soltanto imprecisato e i cultori sono indipendentemente al rimborso promesso dalla Composition nelle elettriche	f_contr_18
membri	membro	control	1	E nemmeno riesce che la tradizionale ala fra Fiatimpresit e Metallica possa restarsene solidalmente il pranzo dei	f_contr_21
tagliate	tagliata	control	1	una rete o un' esecuzione convocata in un giuridico fiato stabilisce migliore centenario di mila liti	f_contr_22
carrozze	carrozza	control	1	Ma echi e compensi devono lasciare porre le efficaci rosse	f_contr_24
crimine	crimini	control	0	""" Nemmeno ringrazio se sia in semplicità un andamento esaminare un telespettatore in Armstrong oppure clandestinamente rapidamente , in reparto di undici"	f_contr_26
incertezze	incertezza	control	1	Dal giudiziario ampliamento Harry - Mica trasferisce sulla revisione della nobiltà e neanche perisce sopra le	f_contr_27
pavimenti	pavimento	control	2	quindici opifici sul tifone del smog , nel pittore sul	f_contr_28
menzionato	menzionati	control	1	Il contrattuale convivente , attaccato verso una crescente striscia , poche agenzie continuamente di essere abbinato apparentemente a un consulente meridionale aveva	f_contr_32
distinti	distinto	control	1	Un' insolita protezione rara del scandalo provvisorio fisicamente dai spettatori è quella creata al Filippine tre	f_contr_33
cose	cosa	control	2	trecento le condutture occorse all' aereoporto di Eiffel al Bianchi davvero fu utilizzata una	f_contr_34
nomi	nome	control	0	Mentre il presidente della Regione , Roberto Formigoni , e l' assessore comunale alla Cultura , Philippe Daverio , propongono cambi di	f_contr_36
oggettiva	oggettive	control	1	Fo ha rovesciato una strategica iscrizione inferocita in Danimarca e , appropriato all' incertezza che debolezza e commissario di una e dell'	f_contr_37
reduci	reduce	control	2	""" Ogni degrado inquietante - sviluppa Tiziana - insiste per tutto ciò che è"	f_contr_38
islamico	islamici	control	1	indipendentemente , di figlie alla Peres si sta iniziando un importo	f_contr_40
celebrati	celebrato	control	2	L' accesso ha causato che dopo la razza democratica , Svezia lo ha presieduto rinunziando di avere	f_contr_41
biblioteca	biblioteche	control	1	cresciuto e garantito da presidenti di musa mentre , nel costitutivo dito di ginocchio , stava sviluppando nello chirurgo pronto della	f_contr_42
metalli	metallo	control	1	"Michelangelo Bailey Rosso , bassista della "" Oscar "" , una autostrada di globalizzazione pur inaugurata con diversi"	f_contr_43
soccorritori	soccorritore	control	1	Prima di liberare l' imprenditore ormai privo di vita , i	f_contr_46
prodotto	prodotti	control	1	Ma tecnicamente , ragionato che per l' inventario mica c' esprimeva rigorosamente nulla da preservare , è stato	f_contr_47
stesse	stessa	control	2	Jacques - Pertanto del metal chiarito ulteriormente da un turismo , una	f_contr_49
aspirazioni	aspirazione	control	1	Il parroco è laico , improvvisamente ci rispondono molte africane	f_contr_50
regalo	regali	control	1	"A "" trasformarsi "" doveva sposare il smaltimento che indossa della parsimonia di un"	f_contr_52
collegato	collegati	control	1	La scalinata , hanno assegnato liberamente i mesi , è stata tenutasi da un ammontare nel quale l' asfalto si è	f_contr_53
fiscali	fiscale	control	2	Il settanta particolato , a Cristina , è la malafede di un esatto segretario	f_contr_54
atto	atti	control	2	Governi indispensabili altresì per Aia GIA , una mozione tranquilla di quarantotto	f_contr_55
eseguita	eseguite	control	1	La statua rapida ha tuttora votato il nove e sul satellite sono stati considerati i giornali arbitrali di una maggioranza	f_contr_56
menzogne	menzogna	control	2	L' autonomo scopo si è difeso presepe , alla patetica alternativa con la povera	f_contr_57
quarto	quarti	control	1	""" È una ristrutturazione a presidenza "" , ha massacrato il poliziotto lasciando le sue noccioline dal"	f_contr_58
bianco	bianchi	control	1	Gli eredi si amano , impongono i profili , crescono colonne sul loro	f_contr_59
stretta	strette	control	1	""" I Donato stabilmente sono bruciati novazione dello ribilanciamento di qualche fontana"	f_contr_61
vincoli	vincolo	control	2	Mica mi rende , neanche mi preferisco cinicamente di niente - siede marciando il	f_contr_62
diviso	divisi	control	1	Noun Sali , l' insegnante di cinquecentomila orti detenuto intenzionalmente nello Pinochet , aveva	f_contr_65
campione	campioni	control	2	E nel primo apprendistato della temperatura a sedici consensi andava , durante i suoi	f_contr_67
accese	accesa	control	1	""" Arriva otto su settanta , ma io neanche prego "" cercava ai custodi in una delle"	f_contr_68
doppi	doppio	control	1	""" Costruzioni a tutta tv , spericolati litigi e i"	f_contr_69
giapponesi	giapponese	control	1	Traduzione Séguin è fredda patetica e quando la canapa esagera le tensioni	f_contr_71
individui	individuo	control	2	Oltre una mitica volatilità c' vola preventivamente da stare sull'	f_contr_72
ricostruzione	ricostruzioni	control	1	Continua che le clausole sopportino duramente , ma in produttività è ricca ritenzione del laboratorio e della gravosa	f_contr_73
ricostruzione	ricostruzioni	control	1	""" Questa biologia dovete sbattere magari , consiste capire di incendio della propensione e di distanze , temporaneamente c' scatena tanta nera"	f_contr_74
gatti	gatto	control	2	È abrogato al telegrafo mentre frega l' inizio polmonare e Senegal , il completamente	f_contr_75
impianti	impianto	control	2	Ieri aghi e biografi di situazione si esprimono per provare che vogliono tirare uno balcone all'	f_contr_77
minore	minori	control	2	come ogni orario , la sovranità è verificata a aspettare lo circuito di un liutaio fiero , con profondamente tutti i	f_contr_80
guardano	guarda	control	2	Nella foto grande Zdenek Zeman , l' allenatore biancoceleste ,	f_contr_83
vendetta	vendette	control	1	Vrlika , ceduto in seppia , ha distribuito l' islamico presupposto la lesione a Gianni per la settima figlia della	f_contr_84
turno	turni	control	2	Per quanto conclude il compito giocato da Hamnet , il pescatore Lucy gestisce a disporre il risentimento ( Petrinja e Graziano i	f_contr_86
fondazioni	fondazione	control	2	L' attimo li aveva serviti perché consideravano contrasto mentre lui trovava di subire stratagemma sulla collaborazione della	f_contr_88
scientifici	scientifico	control	2	""" Le emittenti potevano essere vietate in un odioso parco , perfettamente necessario , se clandestinamente si fosse sottoposto un regalo"	f_contr_91
conservato	conservati	control	1	Melozzo , d' oceano in questo con il ricevitore della pace , Padre COSPAR , ha	f_contr_92
stati	stato	control	2	La gente ha paura di assumersi responsabilità e forse c' è	f_contr_93
sostanze	sostanza	control	2	Un' evidenza solare , ma con scudetto di alcune ferrovie di gara , si è raggiunta alla	f_contr_94
colpiti	colpito	control	2	Un capo prossimo , sembra , che nemmeno manca nome se nemmeno si è	f_contr_95
gradi	grado	control	2	I municipi nemmeno sono usati nei voli del soltanto polacco e operativo modo originario del	f_contr_96
improvvisati	improvvisato	control	2	Ma quando asciuga le difese periodiche a potenze pre , la sopravvivenza e l' asilo	f_contr_97
bambino	bambini	control	2	Libro di un arco di MCC , scopre in un suffragio di turista di patria o di fiato dei	f_contr_98
senatori	senatore	control	1	""" I giornalisti d' arancio al nome o davanti l' arredamento del trasferimento navigano giusti"	f_contr_102
superiori	superiore	control	2	Il Pavelic della Lotteria Pubblica fu rivolto nel sette , all' apertura della	f_contr_104
milanesi	milanese	control	2	Le istruzioni essenziali vennero rimaste sul museo dimezzato dopo la terza manipolazione	f_contr_105
ribelli	ribelle	control	2	La dinastia di valutatore grato mm , su cui andava eccedere il telegrafo di Jean ( e alla quale una	f_contr_106
regolare	regolari	control	2	Quest' iconografia è attaccata se si accumulano i splendidi ruoli	f_contr_110
materia	materie	control	2	"altrettanto i "" dipinti "" , con le esigenze e le"	f_contr_111
lunghi	lungo	control	1	Tipica è la poltroncina da toilette , con schienale curvo e basso , per poter agevolmente sciogliere e spazzolare i	f_contr_113
sentiero	sentieri	control	1	Le statue femminili sono teatrali e colposo è il collegiale	f_contr_116
pattuglie	pattuglia	control	1	Esperienze e propositi neppure facilmente concordi si separano in quelle	f_contr_121
inserita	inserite	control	2	E quando si teme all' operaia differenza , contestualmente sono state	f_contr_122
resistente	resistenti	control	2	Accanto a tradizionali ceramiche ricche di fantasia , come quelle di Vietri , nascono nuovi materiali , sempre più	f_contr_123
abbattuto	abbattuti	control	2	Bowling a una carreggiata nazista ogni soda è un lago argentino , formulato da divani	f_contr_124
conferenze	conferenza	control	1	la criminalità mica favorisce lentamente nei mandati allarmati , notevolmente nello professore delle	f_contr_128
patrimoni	patrimonio	control	2	Il diciannovesimo puntuale fondo , che succede di disturbare il	f_contr_129
evidenti	evidente	control	1	"Con consistenti pressi a consulenza , la RaiTre invita limitazioni di messicano calice assistendo modi """	f_contr_130
cellulare	cellulari	control	2	Sono superfici di vizioso tesoro , di nobili superfici , con nocumento e testo divisi di otto quinto veramente alle porte	f_contr_131
architetture	architettura	control	1	"Il stadio di buddismo e quello di autoregolamentazione a mandria "" spingono "" solitamente , in campione incompatibile , le"	f_contr_132
riservate	riservata	control	1	pillole analoghe di diversi tetti , firme specializzate e fattori semplici , in carenze	f_contr_134
diplomatico	diplomatici	control	1	Soltanto qualcuno di noi limita arbitrariamente , sotto l' imparziale continuità , un	f_contr_135
sondaggio	sondaggi	control	2	Sembra la Caraibi di Torneo che cade in dispendio tuttavia quarantotto cerimonie , stabilite su nuovi	f_contr_136
tecnici	tecnico	control	2	Il diabete di dottrina della libreria è tardi la traccia , sulla quale viene cagionato uno ceppo di cielo	f_contr_140
giorni	giorno	control	1	Gli pappagalli aziendali mangiano integralmente un collegio fissato di vulcani , secondo le relazioni , ma i	f_contr_141
naturale	naturali	control	2	"era questo un metodo che conferiva alle piastrelle "" fiammature """	f_contr_142
governativa	governative	control	1	Davanti si è arrivata la concezione conseguente di teli centrati in menzione	f_contr_145
adeguati	adeguato	control	1	Numerose le radiazioni a partecipazione o a disegni in votivo e narrativo da allontanarsi a condomini	f_contr_146
alimento	alimenti	control	1	Quando vedi , vedi il tuo punto - limone e vede alla decorazione di rete dell'	f_contr_149
esprimono	esprime	control	1	Altri clan consumano circoli esclusivi , mettono e manifestano la pistola , esistono autenticità della vendita e ... ogni diploma si	f_contr_150
milioni	milione	control	2	"... Se vuoi "" decorrere la vicinanza "" , il"	f_contr_151
difetti	difetto	control	1	L' auto-test primaverile potrebbe anche rivelarsi impietoso e mettere in evidenza	f_contr_152
usa	usano	control	1	Ottima la canapa sintattica conosciuta ad urbano deterioramento raffigurante fumée Venezia , che si	f_contr_154
conversione	conversioni	control	2	Lo menu , altrove , manca le piste a un soft - professor e apre le	f_contr_155
rosa	rose	control	1	"perfetto anche l' auto - massaggio con la crema ad hoc , tipo "" Dopobagno alla"	f_contr_162
ghiandole	ghiandola	control	2	"I toscani indumenti , le banche "" strane "" , neanche insegnano nè succhiano quantomeno che neanche si costituisca alla"	f_contr_165
bravi	bravo	control	2	"Per rifare la caserma sotto gasolio estingue saltare "" da famosi "" allargando un"	f_contr_166
frontiere	frontiera	control	2	una lunghezza tecnologica , le luci di un limite , le servitù provocate della	f_contr_171
citato	citati	control	1	Facile già perché quello che in UEFA e in Arizona è stato	f_contr_173
circoscrizioni	circoscrizione	control	2	Mentre la legittimazione governativa , Poe Bush , sosteneva in una	f_contr_174
azione	azioni	control	1	""" Volevo verificarsi un chirurgo sulla Cali "" , mi decide Dryden or , con molta"	f_contr_176
saldo	saldi	control	1	E il tifone pur vi pregiudica tuttavia , facilmente in quinta luce , formando i scacchi e le isole del	f_contr_177
sospeso	sospesi	control	1	""" Guardi testualmente che mica è stata la gioia che Anne si sia predeterminato quella che ha"	f_contr_180
opposizione	opposizioni	control	1	E poi , queste storie d' alcova hanno riportato a galla molte delle polemiche che già condusse l'	f_contr_181
industriale	industriali	control	1	Per ospedale , il sequestro che Adelio Palestinese , solitamente dopo il vespero	f_contr_182
miglioramento	miglioramenti	control	1	e di direttamente la trave , per mica trasferire la democristiana con cui la Caruso fu assegnata all' Evans al suo ventesimo	f_contr_183
etichetta	etichette	control	1	"il brivido della "" mora d' avvocato al Valle Cavallo "" di rispettare le eccezioni , benché da un miglio l'"	f_contr_184
bersagli	bersaglio	control	1	le autorizzazioni degli attaccanti della distanza convincente intervenuti nel bastone costantemente condotto dei	f_contr_185
federali	federale	control	2	E nobilmente , negli indisciplinati zuccheri del calore di Edwin Siena , la	f_contr_186
biografo	biografi	control	2	""" In paragrafo "" , ferma Cup , "" si torneranno fisicamente , gli allegati di questi"	f_contr_188
diventati	diventato	control	2	E tecnicamente dall' uguaglianza dei realmente suscettibili , che ( va	f_contr_189
pone	pongono	control	2	Ma nella determinazione degli angoli di cinquanta , ventiquattro attentati le vittorie della Radiofreccia	f_contr_190
spetta	spettano	control	1	E noi , che stavolta accettiamo l' Auguste , desideriamo a votare il moto della moneta che originariamente	f_contr_191
polemica	polemiche	control	1	Nessuno ha virtualmente tradotto perché una sonda d' appartamenti perlopiù , nel Barack , un infortunio acquistato di una	f_contr_192
fornito	forniti	control	1	Notizie di scrivanie , previste di abbreviazione , di lizza , di colloquio hanno	f_contr_193
volti	volto	control	2	Valle Palacio , esercente di tempo alla Camillo soliloqui di Martini , saputo nel suo	f_contr_197
resto	resti	control	2	L' invecchiamento scandaloso il meccanismo d' allegati ha stipulato la competizione di ventisei giocattoli di distanze con anzi cinquecentomila settanta	f_contr_198
grandi	grande	control	1	Sia per le imprese editoriali e tipografiche , sia per le società di medie e	f_contr_200
ideologie	ideologia	control	2	In sensibilità altronde in questo guadagno una consapevole sala alla direzione dell'	f_contr_201
controllata	controllate	control	1	La terza menzogna di rimesse , a tempesta a trecento avvisi , è	f_contr_202
delicati	delicato	control	2	Tuttavia fisiche e relative da aggiungere delle altre sono effettivamente la stress partner , il cui stanziamento d' albergo	f_contr_204
armi	arma	control	1	A violazione del vulcano di questo suono , i nuclei veloci sul ballo etnografico sono apparentemente tre , suggeriti da trenta	f_contr_205
spia	spie	control	1	In mediazione di delitti è ingombrante saltare uno comunismo a uno scalo preparato da un decoro grazia sulla	f_contr_207
intercettazioni	intercettazione	control	2	I fulmini danesi sono comodamente quelli contro il zio e l'	f_contr_208
straordinario	straordinari	control	1	Pertanto il potenziamento di avvicinarsi la calma percorsa a Costanzo sull' occhio	f_contr_211
caduto	caduti	control	1	Aerospaziale , accettabile , superfluo di invenzioni e di infortunio , Cremona Hanski è	f_contr_214
inclinazioni	inclinazione	control	1	Ero muscolare del capitano di attivare dappertutto di me un rigore che fisicamente a poche	f_contr_215
apposito	appositi	control	2	""" In Anders andiamo ogni esportatore undici coltello e ventun governativi canoni"	f_contr_216
distribuzione	distribuzioni	control	1	Ed è inosservato che un cantiere come l' Irving possa unirsi la	f_contr_217
riflesso	riflessi	control	1	""" L' immediata manodopera ha sentito che il decadimento delle compagne era ampliato maggiormente , con ciò accusando il"	f_contr_219
simili	simile	control	2	Molto decisamente , una delle prove di apatia in cui i senatori al desktop rendono bruscamente di essere finiti alla norma	f_contr_220
permanenti	permanente	control	2	Nella duemila disponibilità pubbliche della parola a capolavoro , il Giorgetti Croazia Niccolò un' atletica	f_contr_221
escluse	esclusa	control	1	in carbonio , il legno esclusivo che rispecchia lo sud delle catastrofi di caratteristiche strane che ogni livello devono essere	f_contr_222
concreti	concreto	control	1	Libro di Selex Sila Traduzione Gamma - Giuseppe Monti Al turistico accidente di Kersee , ci preferiscono ventiquattro mandati	f_contr_224
fascicolo	fascicoli	control	1	trecento quattro investitori , quindici finanziamenti e duecentomila mille narcotrafficanti ogni incenso derivanti da ogni frutta del	f_contr_225
austriaco	austriaci	control	2	Lo dovere è stato consentito ed è effettivamente accumulato nella tavola dei palloni	f_contr_227
attesa	attese	control	1	Il candidato al check-up passa per 19 piani e altrettanti esami specialistici e aspetta in lussuose sale d'	f_contr_229
piene	piena	control	2	""" Siamo finalmente femminili sulla grandezza del cancelliere "" , scende Bisbetica Festa , il privo matrimonio dell' estremità"	f_contr_230
scientifici	scientifico	control	2	A quell' infanzia la ricostruzione aveva perduto ai musulmani su questo	f_contr_231
volatile	volatili	control	1	Attualmente , fatalmente , la previdenza è sotto il pretesto del tabù e Séguin deve espressamente restarsene chirurgo dell' attualità	f_contr_232
combattute	combattuta	control	1	Ci rovinano province , innanzitutto , che a Piscitelli neanche possono essere	f_contr_233
nemici	nemico	control	1	Dato in leggerezza ligure , dieci litorale di trattative del fiato equivarrebbe a ragionevolmente tre	f_contr_234
registro	registri	control	1	Tolgo tipico viveva State , che queste sacche , rapidamente grasse dalle umide lingue dei membri esterni , saranno dal veneziano	f_contr_235
figlio	figli	control	1	Basta che attaccando del proprio alveo , esso Poma abbia appeso a un bellissimo	f_contr_236
caratteristica	caratteristiche	control	1	Nel tremila il matrimonio di Vatanen ebbe la rottura sostenibile dei viaggi della	f_contr_238
leggi	legge	control	2	Per risultare colpevoli dei reati previsti dall' art. 2 della	f_contr_239
dipendono	dipende	control	2	Ancora il mica addestramento è un suffragio di tirare della musica in fregio fisiologico , sostanzialmente il pollaio di normalità nemmeno si	f_contr_241
spenti	spento	control	2	consigli rimasti dalla manovra nell' esperimento sudafricano , raggi depositati dalla trasmissione nell' avvocato	f_contr_242
libera	liberano	control	2	i progressi sensibili del perimento di tribù neppure godono potenzialmente al decreto , ma	f_contr_243
tipologia	tipologie	control	1	Il sintomo , e alcune produzioni fondamentali , rivestono alcuni abusi tramite i quali diffondere la	f_contr_244
maschere	maschera	control	2	l' accademia per bianca ostilità [ ricorda settanta ] , la	f_contr_245
violente	violenta	control	1	I gentiluomini lanciati nell' esperimento fantastico , ancor , vivono i riflettori tra rumorosità serbe , e i percorsi luccicanti dalle	f_contr_246
esperti	esperto	control	2	Revisione della presunzione ha regolato che l' insegnamento quindici sia la reclusione che ha innanzitutto contestato il pilota dell'	f_contr_247
industriale	industriali	control	2	Allo scopo di regolare la distribuzione di determinati prodotti agricoli o	f_contr_249
avvocati	avvocato	control	2	duecento . Estinzione di tifosi che intrattengono la molestia collegiale o di sostanziale	f_contr_250
diplomatico	diplomatici	control	1	La corsia dedica un trattamento commerciale della marijuana , ceduto nell' apprezzamento	f_contr_251
salva	salvano	control	1	La disparità del lancio si avanza al chilometro , con tutto ciò che vi si	f_contr_252
uscita	uscite	control	2	Sono del collasso periodiche le madri riguardanti dalle sponde sulle analisi e pubbliche associazioni [ duemila ] , sulle	f_contr_253
circoscrizioni	circoscrizione	control	2	Il podio di un suicidio neanche può estinguersi che relativamente si esegui per l' impero della	f_contr_254
abitudini	abitudine	control	1	Nell' estinguere questa malnutrizione l' obesità delicata deve sfogliare le	f_contr_255
emessi	emesso	control	2	Mica preferisce , poi , chi sorride che l' allarme mille , duramente essendo	f_contr_256
arbitro	arbitri	control	2	il paese comodamente spera limitatamente gli ingombri di cambiamento della severità dei pesci intermedi , e neanche gli	f_contr_258
situazioni	situazione	control	2	L' estensione della minima unità colturale sarà determinata distintamente per zone , avuto riguardo all' ordinamento produttivo e alla	f_contr_259
conquiste	conquista	control	2	La tossica immagine dei filtri di commistione della definitiva inammissibilità proporzionale ha del tutto mostrato , perdendo orale , l' interessata	f_contr_260
esposti	esposto	control	1	Gli obbiettivi chiamati contro il radiotelemetro dell' allarme sedici possono essere	f_contr_261
notevole	notevoli	control	2	In massacro di vigile segue l' ipotesi jugoslava , pagate le informazioni	f_contr_262
tipo	tipi	control	2	Quando più proventi quadrati e inferiori alla tragica ipotesi disponibile attivano a diversi	f_contr_263
obiezione	obiezioni	control	2	Nei regolamenti comunitari [ ventun ] le libertà decisionali sono armonizzate , garantite o salvate in moglie alle	f_contr_266
dolci	dolce	control	1	Per il panorama di preti idonei , necessari , elevati o di umani campi	f_contr_267
conseguenti	conseguente	control	2	Il mattino di disoccupazione e il spettacolo nobile dei disordini e di età vere sono suggeriti e posseduti a gioia della gioia	f_contr_268
informazione	informazioni	control	2	I timori dei scenari nella misurazione di unghia , coppia ed ordine delle	f_contr_269
rivestimento	rivestimenti	control	2	Le miniere da alterare nelle catastrofi sono giudicate dalla concorrenza riferibile e dai	f_contr_271
amica	amiche	control	1	Il fiume di un motoscafo modesto al marmo altrui può dedicare la gamma ( sedici ) , per tutta l'	f_contr_272
straordinaria	straordinarie	control	1	il confine vuole assicurare che il divertimento sia creato a citarne la valanga	f_contr_273
massacro	massacri	control	2	Il regista di considerazione e ogni americano confine indiano che neanche accolga un' irritazione migliore ai cento	f_contr_274
mestieri	mestiere	control	2	Alla piramide presunta mica sono rossi gli accertamenti eccedenti al	f_contr_276
diversa	diverse	control	2	Alle somme che si riescono in domenicale con le distanze e le culture	f_contr_277
disponibile	disponibili	control	2	L' esclusione dalla disciplina sulla comunione forzosa e sulle distanze non riguarda i beni patrimoniali	f_contr_278
nuclei	nucleo	control	2	Se osservano resti , come contenuti , vernici e lievi , o pastori che si importano oltre la tv della reazione del	f_contr_279
verso	versi	control	1	Le conseguenze e le gambe sismiche ( cinquanta ) del	f_contr_280
femminili	femminile	control	2	trenta . Esercizio e aviazione di vetture e valanghe nel polistirolo	f_contr_281
naturali	naturale	control	2	Uso ripetutamente attuale , in quanto , morendo le sponde di opzione di un strato	f_contr_282
formaggi	formaggio	control	2	attualmente ciascuno dei statuti può , senza restituire il rapimento al rinvio , deliberare il	f_contr_284
gestori	gestore	control	2	In tal podio il tubo è di pallacanestro di colui che l' ha ripreso , profonda la normalità del	f_contr_285
seguente	seguenti	control	2	Se gli uni e gli altri non dispongono , devono essere osservate le	f_contr_288
tasca	tasche	control	1	La stagione si sottintende dalla sera del testo alla casa estiva del colloquio dell' impedimento nel fattore della dinastia , o dalla	f_contr_289
stabile	stabili	control	2	I laghi possono , recentemente , dipendere alla truppa disciplinata dall' ordine o dagli impianti	f_contr_291
diritto	diritti	control	1	Se gli escursionisti danesi neanche temono tardi , i steli favorevolmente spediti dai modelli commessi sul	f_contr_294
secolo	secoli	control	1	Se a rassegnazione degli errori personali i minerali alimentano al peso dell' insegnamento , per la spalla di essi si aggiunge il	f_contr_295
tenuta	tenute	control	1	neppure annuncia una quinta radio di accademia , perciò un' arma che mica sia consistente come serata è	f_contr_296
ricami	ricamo	control	1	ventun ) ammirare il paragone inferiore a un' abitazione neanche miglior di cinque	f_contr_297
prescrizione	prescrizioni	control	2	Il vicino ha sempre il diritto di esigere che essa sia resa conforme alle	f_contr_298
bimbo	bimbi	control	2	Se il ritmo è negoziale ( zero ) , nessuno dei	f_contr_299
pensionato	pensionati	control	1	La pietra di banche in un trofeo nemmeno intende al consumatore di accostare la copertura del	f_contr_300
classi	classe	control	1	Chi interessa la giuria del recupero mica può cacciare le	f_contr_301
mezze	mezza	control	2	Il ritiro conclude allorquando tra i sette disturbi comunitari vi lancia una bara	f_contr_302
teoria	teorie	control	1	Nemmeno si possono andarsene fognature nucleari od antiche sul scambio del basket se neanche si indossa la	f_contr_303
tradizione	tradizioni	control	2	Il tifone del presidente pretende braccio di ammirare le opinioni in esso aventi ( nove ) , morbose le	f_contr_307
speciale	speciali	control	1	Per quanto riguarda le acque pubbliche si ricorda che esiste un giudice	f_contr_308
romana	romane	control	1	Se danneggia ventina ( ventiquattro ) tra i razzi a cui un' intenzione neanche sicura può essere inequivocabile , la onestà	f_contr_309
tradimenti	tradimento	control	2	Davanti infantile la sfiducia comunicata dal 3° chilo , che chiarisce strutture al	f_contr_310
tipo	tipi	control	2	Perfino , se la tazzina degli emendamenti , la malavita delle imperfezioni o l' assedio nei loro	f_contr_314
derivante	derivanti	control	2	Possono prescindere in passaggio i metalli di finanzieri lontani che vogliano riferirsi e assistere in stadio le ossa	f_contr_315
processi	processo	control	2	L' africana coda della conformità per irritazione svolge ampiamente a pretendere il	f_contr_317
giudici	giudice	control	2	Se la cosa non ha valore commerciale ( 3 ) , la misura del premio è fissata dal	f_contr_318
piacevole	piacevoli	control	2	Per il sottopassaggio degli echi d' assedio legittimo , anziano , raffinato , giornalistico e innovativo si indicano le lacrime delle cave	f_contr_319
disagi	disagio	control	1	Continua integralmente , eccessivamente nel getto che si muova la fede , il gesso dei	f_contr_321
esaminato	esaminati	control	2	L' ecologica pianta riflessa dall' ingegnere sedici scioglie per acquisire che una carbonica disambiguazione del genero del terzo messaggio dei seggi	f_contr_322
fenomeni	fenomeno	control	2	Quando le vernici , considerazioni od affermazioni sono state rivelate da un sesto ( sessanta ) con suoi principi , il	f_contr_323
metri	metro	control	2	Se il miglio prosegue di sentirsi , deve riuscire a sua scrivania il ministro dei giudizi e il	f_contr_324
vulnerabile	vulnerabili	control	2	La pianta presentata dall' attimo dedica a renderla le pattuglie	f_contr_326
utilizzati	utilizzato	control	2	La lentezza neppure è istituita completati trenta divani dal vigore in cui il professor ha	f_contr_327
confronti	confronto	control	1	Può altresì chiedere il risarcimento dei danni , tanto nei	f_contr_328
furto	furti	control	2	Il criterio è destinato a fermare al personaggio del ponte il ferro del coronamento della cessione arrivata , oltre il capitano dei	f_contr_329
entrata	entrate	control	1	Da attirare che la disgrazia si aggiunge certamente ed appositamente quando la firma di trasferimento viene	f_contr_330
asino	asini	control	1	l' anniversario quaranta guarda un finestrino di ottimismo della funzionalità , il cui presidente applicabile è recitato da un	f_contr_331
vigile	vigili	control	1	In segnale curioso , la pallacanestro ne diffonde sostenibile in chirurgia del	f_contr_332
automatiche	automatica	control	2	ma se l' incorporazione o la relazione è utilizzata senza il suo volume ad udienza del parco della fuga	f_contr_333
maggiori	maggiore	control	2	È posseduta consapevole mica gravemente la cooperazione che favorisce un gestore immediato minor , ma anzi quella che piace una deliberazione debole	f_contr_335
comica	comiche	control	1	Se taluno ha attaccato una fetta che neanche gli avveniva per votare una	f_contr_336
islamico	islamici	control	1	L' eroe cinquemila reca un rilascio di impianto della sessualità	f_contr_337
bene	beni	control	2	Mentre nel vecchio codice questo conflitto era di regola risolto a favore del proprietario dei	f_contr_338
fregi	fregio	control	2	Quanto rassicurato al sesto teatro distingue insomma per i rifornimenti accolti dal	f_contr_339
indagine	indagini	control	1	Deve lentamente trasmettere all' archeologico bicchiere un' autenticità nei lavori del miglior diploma sfruttato al braccio dall'	f_contr_341
teorici	teorico	control	2	Le imperfezioni e orme di cucina che si conservano nel segmento dei filati o tempi approvano al paragone	f_contr_342
pacchetti	pacchetto	control	2	La numerica macchina si interessa se un cunicolo o un documento , dimensionandolo un messicano	f_contr_343
capo	capi	control	1	Se un calo o un litro si rafforza un sinistro commento , osservando l' amministrativo , il disegno esiguo muove ucciso al	f_contr_344
bilanci	bilancio	control	2	Quasi neppure essendo intenzionalmente terminato dal trasporto bicolore , si conosce che il	f_contr_346
piattaforme	piattaforma	control	2	Se dimostrano enormemente peste o tasche , il criterio può dir che se ne intervenga la	f_contr_347
terribili	terribile	control	2	Per domandare se ci si renda definitivamente ad un scioglimento di descrizione ovvero ad un prestigio	f_contr_349
acquirente	acquirenti	control	1	Il cotone di dedicarsi la bozza sul coronamento altrui si esegue per pasta per isolamento del nemmeno	f_contr_351
treno	treni	control	1	Mica può essere limitata o perita la sensibilità delle tenniste sufficientemente dalla probabilità del	f_contr_352
statunitense	statunitensi	control	2	L' austerità , gradualmente che il compositore riesca originariamente , è riuscita dalle stagioni sostituite negli uffici	f_contr_353
ottima	ottime	control	1	L' autista nemmeno può proteggere scrittrice o rubrica del progetto per qualunque	f_contr_354
comandato	comandati	control	1	Nel tiro in cui dia la lampadina e il museo venga	f_contr_356
risulta	risultano	control	1	Se è perita una parte notevole del fondo e il canone	f_contr_357
consiglieri	consigliere	control	2	Nel proseguimento di autrice per sloveno individuo ( duecento ) , l' autenticità si canta a squadra del	f_contr_358
insegnanti	insegnante	control	2	Nel pavimento di opinione concessa contro tale rientro , l'	f_contr_359
proveniente	provenienti	control	1	Se più sono i concernenti , l' irruzione può incoraggiare per la spesa che basta a ciascun	f_contr_362
verso	versi	control	1	La polizia nemmeno raccoglie cancelliere se l' agente ha influenzato il peso dei beni durati velocemente che sia adottata nel	f_contr_364
animi	animo	control	2	La continuazione di conversione neppure beve all' erede il peso di accontentarsi , fatalmente che rappresentino le conquiste pubblicate dall'	f_contr_365
illustrano	illustra	control	2	La persistenza del restante di consolidare della morsa residua estetica ( ventisei ) nemmeno	f_contr_366
generazioni	generazione	control	2	I caratteri , che hanno incendiato annessione contro l' esercente ecco alla comprensione della	f_contr_367
documentato	documentate	control	2	La crosta si erge ufficialmente nel diagramma in cui le stanze o riforme sono state	f_contr_370
orario	orari	control	1	Se il danaro e l' esame si circolano nel criterio della cognizione entro l'	f_contr_371
maglie	maglia	control	2	L' utilità si deve riceverlo nella migliore viscosa tra l' impedimento della lettera e l' iodio di pollaio sottoposto dalla	f_contr_373
studiate	studiata	control	2	L' unità soggetta , approvato creditore alle cause , può collocare che il decennio della utilità	f_contr_374
armati	armato	control	2	Per le reti e le contraddizioni rigorose , di cui abbia	f_contr_375
deve	devono	control	2	Se il permesso è stato ottenuto dal proprietario o da un terzo , questi	f_contr_376
capo	capi	control	1	L' accidente può decidere dei chioschi dei giocattoli , ma deve ironizzare la soddisfazione polmonare della segnalazione per il nomignolo e il	f_contr_377
ostacoli	ostacolo	control	1	Se l' esempio è gareggiato sopra una combinazione o un scalo , l' apprendistato è mantenuto a riportare gli	f_contr_378
leggendarie	leggendaria	control	1	Il giardino dimesso a uno tragico di essi neppure è esente all' altro , rosse in ogni partenariato le pavimentazioni	f_contr_379
stretta	strette	control	1	Se le centinaia nemmeno sono d' assetto sul tumore d' embargo , riferisce l' oasi	f_contr_380
targhe	targa	control	1	Se l' accesso neanche rappresenta la firma a cui è formulato , si appartengono le	f_contr_381
organismi	organismo	control	2	Per l' impulso in negozio al divorzio e alla gendarmeria dell' adattamento questi servizi si frantumano tra il magazzino e l'	f_contr_385
tenuti	tenuto	control	2	Al pagamento dei carichi imposti sulla proprietà durante l' usufrutto , salvo diverse disposizioni di legge , è	f_contr_386
onere	oneri	control	1	L' analisi romantica può , secondo le perquisizioni , attirare che l'	f_contr_388
piedi	piede	control	2	Se il parlamento della rivoluzione neanche è scheda di soccorso prossimo , l' esonero si promuove sull' inammissibilità stuprata dal discendente del	f_contr_389
legame	legami	control	1	Se l' album è lasciato sopra un petto , del quale governa piantagione un elicottero , e questo diffonde in qualsiasi	f_contr_390
procedimenti	procedimento	control	2	L' addizionalità può farsi oramai nella superiore dc o età del	f_contr_391
crimini	crimine	control	2	E' eseguita la birra di una tribù per attendere a un calcio un	f_contr_392
ambiti	ambito	control	2	Chi cade ribilanciamento di richiamare innovazioni per il segretario altrui deve riscuotere il preciso	f_contr_395
amministrazioni	amministrazione	control	2	La facoltà indicata dal comma precedente non è consentita al proprietario del fondo servente nei confronti della pubblica	f_contr_396
quadri	quadro	control	1	che il risalto rovesciato è il periodicamente sessuale e il realmente finlandese al principio sovrastante , inaugurato custode alle modificazioni dei	f_contr_397
formaggi	formaggio	control	2	Per i corridoi , completamente , che sono elencati generalmente per il	f_contr_399
confronto	confronti	control	1	Il disagio fresco può essere battuto festivo realmente della serata del	f_contr_400
spada	spade	control	1	contestato il giocatore , nemmeno si giunge ragionevolmente blocco di ciò che è stato girato per la	f_contr_401
climi	clima	control	2	La sonora cittadina si annaspa indirettamente quando per il miglioramento attraverso un indebitamento appartiene pronunciarci una presentazione a un	f_contr_402
anello	anelli	control	1	Se un contributo d' assicurazione attende ai coloni dei creatori corrotti l'	f_contr_403
nobile	nobili	control	1	Dette le stazioni delle caratteristiche sulla manipolazione e sul cane	f_contr_404
riguardi	riguardo	control	2	Esso può essere stabilito anche mediante sottopassaggio , qualora ciò sia preferibile , avuto	f_contr_406
massimo	massimi	control	1	Nei processi dotati dai diciotto uffici mortali è conclusa un' incapacità suprema al regolamento promosso dal	f_contr_407
reggimento	reggimenti	control	1	Qualora , per infilarsi il nuotatore , sia perfetto utilizzare con edizioni personali o servirsene islamica una sponda del	f_contr_408
tono	toni	control	2	Ogni torrente è rassicurato ( sette ) a trasportare valore per i suoi	f_contr_411
pendente	pendenti	control	2	Ogni regime è congiuntamente continuato a collaborare stampare sopra il suo ridosso le terapie di lastre	f_contr_412
interessati	interessato	control	2	La sussidiarietà perita da uno dei creditori di un livello	f_contr_413
definiscono	definisce	control	2	Se il sottosuolo viene donato ( cinquecentomila ) , il culto deve correre drammatico e cubano l' edema a chi	f_contr_415
bimbi	bimbo	control	2	Il mestiere del vicedirettore vigente , nel trattarsi le indiscrezioni pubbliche per segnalare la liquidità , deve riflettere il padrone e il	f_contr_417
lunga	lunghe	control	2	Il tricolore del storicismo donante , quando è nominato in televisione del licenziante o della fascia alle ferie	f_contr_418
effetti	effetto	control	1	La personalità si appartiene per classificazione quando neanche se ne interessa per trenta	f_contr_419
comprende	comprendono	control	2	Le tesi raccolte dall' erede a linguaggio del commissario agricolo nemmeno	f_contr_421
azzurri	azzurro	control	2	Se la squadra neanche è stata riuscita , ma la meditazione e l'	f_contr_423
drammatici	drammatico	control	2	Quando la holding d' alleanza neppure è stata soccorsa , ma la natura è stata domandata per un	f_contr_424
documentazione	documentazioni	control	1	Ciascun comandante può scrivere della malafede triennale , purché neppure ne appartenga la	f_contr_426
minore	minori	control	1	A tal prognosi può accorgersi a proprie munizioni le macchine drammatiche per il	f_contr_427
retta	rette	control	2	Per le indiscrezioni garantite da uno dei negozianti si aiutano le	f_contr_428
affermati	affermato	control	2	La discussione neanche capita al commissario che abbia appositamente legittimamente	f_contr_429
affidati	affidato	control	1	Per la jeep delle barche della versione si spiega che tutti i concorrenti siano stati mai	f_contr_430
incidenti	incidente	control	1	E` lordo il cancro di tutti i consulenti per gli	f_contr_432
consistenti	consistente	control	1	Ciascun trofeo , nel significato o valanga di tempo di sua parità , neanche può opporsi interferenze che rendano decennio alle minacce	f_contr_434
opera	opere	control	1	L' autorità giudiziaria , presa sommaria cognizione del fatto , può vietare la continuazione dell'	f_contr_435
edilizi	edilizio	control	2	Le aree favoriscono da chilometro , da divieto ovvio , o da ogni	f_contr_436
masse	massa	control	2	Il chilo e il rapporto devono guidare secondo le poltrone della	f_contr_437
imposte	imposta	control	2	Qui il faro può consumare l' album ambientato dal sesto , se il pomeriggio gli ha gradito la sua	f_contr_438
obbligazioni	obbligazione	control	2	Se tale lascito è diverso da quello che il fattore andava quando è bruciata l'	f_contr_439
procedura	procedure	control	1	Qualora principalmente , in provincia degli intrecci o per la diplomazia della	f_contr_440
prototipo	prototipi	control	1	Il progetto nemmeno può ingannare la sostanza naturalmente della fase , fisicamente che il	f_contr_442
furti	furto	control	2	Il capolavoro sostituito a chi mica era prestato a farla rimane il divorzio , se il	f_contr_443
insolita	insolite	control	2	Il pianeta che avverte il rendimento a chi istituisce concesso a sparare in scadenza a cave	f_contr_444
debiti	debito	control	2	Chi ha più debiti della medesima specie verso la stessa persona può dichiarare , quando paga , quale	f_contr_445
preparati	preparato	control	2	In manodopera di tale sentenza , il computo deve essere indicato al grammofono	f_contr_446
estranei	estraneo	control	1	Il cacao nemmeno può ordinare il timone al volontariato , pure che agli	f_contr_447
primi	primo	control	2	Se il ricorso è praticato da brivido , si aggiunge la chiesa del	f_contr_449
riferimento	riferimenti	control	1	Se il riferimento è paragonabile , il diciottesimo spiegato e il	f_contr_450
piante	pianta	control	2	Quando il sorriso è in revisione , è a suo volo l' ostilità della	f_contr_451
coniglio	conigli	control	1	Mica sono successivamente dismessi gli alleati nè i collaboratori della pianta che neanche siano stati trovati dal	f_contr_452
radiazione	radiazioni	control	2	Il bambino è purtroppo saputo a permettersi i dubbi sopravvissuti dalla sua tabella e a deliberare le	f_contr_453
richiesta	richieste	control	1	Gli addetti della risposta si capiscono dal piatto dell' invenzione , se questa è sicuramente	f_contr_454
interazione	interazioni	control	1	Se si compete attualmente di minacce principali da sospendere in benessere prossimo , l' intenzione torna nell'	f_contr_455
avvistamento	avvistamenti	control	1	L' ammoniaca deve essere costituita nella coltivazione destinata dal sesto tavolo dell'	f_contr_457
confessione	confessioni	control	1	In questo patto egli è ricordato dal procedimento in cui ha portato al cioccolato la	f_contr_458
conservate	conservata	control	2	Il bagaglio che è in riproduzione neanche è spinto per la	f_contr_459
traiettorie	traiettoria	control	2	Se fortunatamente della manipolazione erano segnalati accessori in reclusione minor a quella permanente , gli artisti tipici sono sballottati nella complessa	f_contr_460
chiamato	chiamati	control	1	Se il rumore storico del complotto ha catturato a percorrere il recupero , il strutturalismo è	f_contr_461
giocatori	giocatore	control	2	É sguarnito ecc qualsiasi coprifuoco sovrano di allenatore o di sequenza di personalità per i ragazzi in cui il passeggero del	f_contr_462
ecologiche	ecologica	control	2	Il sostegno di un quartiere o la sua polvere , l' opzione o l' urgenza di un musicista e ogni	f_contr_463
debitore	debitori	control	1	Qualora l' obbligazione originaria derivi da un titolo annullabile , la novazione è valida se il	f_contr_464
tavolo	tavoli	control	1	Quando un negativo pranzo è mantenuto a quello idrogeologico che viene reso , si intrattengono le cave sofisticate nel	f_contr_465
porti	portate	control	1	La fame del passaporto di servirsi il vertice interessa l' ispirazione quando è rimasta al poligono , ben che questi	f_contr_466
studentessa	studentesse	control	1	Se il rialzo del giorno è in collaborazione generica , la finezza materna della commissione trasformata in vitamina incerta corre vedere la	f_contr_467
fanno	fa	control	2	Se l' estremità è probabilmente nera , il condominio , finché essa	f_contr_469
confine	confini	control	1	Se la tolleranza è cresciuta imparziale continuamente in cordata , il	f_contr_470
unica	uniche	control	2	La bellezza del braccio colturale mica si effettua alle conseguenze di addizioni	f_contr_471
morali	morale	control	1	Per affare della salsa , il culto è pubblicato al sfruttamento con i consiglieri , con le dogane stradali e	f_contr_472
resa	rese	control	1	La punizione sottintende incremento nei milioni del gennaio fidato quando questi l' ha assegnata o quando gli è stata	f_contr_473
ripresa	riprese	control	1	Se la meraviglia è a paesaggio noto , la pietra è	f_contr_474
giunta	giunte	control	2	deve originariamente procurarsi gli ordinamenti , chiederne le grammatiche della tregua e quelle che il fanatismo abbia	f_contr_475
interpretano	interpreta	control	2	Se il scopo equivale al diagramma un legittimo problema , il quale si	f_contr_476
banconota	banconote	control	1	Il percento può affievolirsi l' accademia o accostare il pianoforte a costo del diavolo inevitabilmente dopo la	f_contr_478
telefoni	telefono	control	2	La Cellulite compie a tutti i tassi il lavaggio al	f_contr_479
tuo	tuoi	control	1	Le figlie scientifiche meteorologiche dalla sintattica confermano confine di annunciare secondo i propri timori , in personalmente neanche permettano con l' onore	f_contr_480
coltura	colture	control	1	I loro nazisti con lo Tribunale sono fuggiti per segretaria sulla	f_contr_481
circolo	circoli	control	2	La tavola contraria dello macellaio è modificata dalla temperatura in potenzialità delle chances e dei	f_contr_482
effettivo	effettivi	control	1	Lo straniero , al quale sia impedito nel suo paese l'	f_contr_483
appartengano	appartenga	control	2	prende , in miniere di band con gli economici Consigli , alle lacrime di personalità sane ad un intervallo che	f_contr_484
prescrizione	prescrizioni	control	1	Mica è accompagnata progressione alcuna di pantera , di indipendenza o nicchia gentile , né qualsiasi atmosferica	f_contr_485
perduti	perso	control	1	Mica vi si possono accostare agenzie o sequenze o drammaturghi , se neppure nei temi e sottoscrittori	f_contr_486
regionali	regionale	control	2	Ogni minuto può garantire e sfruttare violentemente in qualsiasi medaglia del costo	f_contr_487
nazionale	nazionali	control	1	Sono assegnati ai neppure efficienti , con elettronici accertamenti , i membri per iscriversi e valutare validamente ad ogni	f_contr_490
designazioni	designazione	control	2	Nessuno può essere tornato a travi di logica se mica nei contrabbandieri disseminati dalla	f_contr_492
prevista	previste	control	1	L' estradizione del cittadino può essere consentita soltanto ove sia espressamente	f_contr_493
operativa	operative	control	1	La chiarezza nemmeno può in nessun ministro stampare i suoni introdotti dal sogno della tortura	f_contr_496
atmosferiche	atmosferica	control	2	L' attribuzione inferiore , accettata per espressamente undici accessori , è	f_contr_497
favorevole	favorevoli	control	1	Ogni duello invalicabile al biglietto e shakespeariano dei ceti scientifici per piangere presta convoglio al documentario e all' interrogazione	f_contr_499
frange	frangia	control	1	Ai risultati neanche può essere approvato artistico articolo se neppure la loro finta presso indigeni potenti o prediali , secondo le	f_contr_500
forma	forme	control	2	La Repubblica incoraggia e tutela il risparmio in tutte le sue	f_contr_503
sicuri	sicuro	control	2	Dipende l' alveo del spessore ruandese alla reciprocità dell' evidenza , alla funzionalità solforica tarda e al	f_contr_504
terminato	terminati	control	1	Sono emigrati tutti i traffici , enti e rendite , che hanno	f_contr_505
attendono	attende	control	2	La vergogna compone funghi e parità per l' obiettivo del portiere di professore dei copioni speciali all' avviso e ne	f_contr_506
avente	aventi	control	2	La nebbia può , per l' infezione ai periferici istituti e alle rotelle estive , concedere ai frigoriferi gli uomini neanche	f_contr_507
trasmissioni	trasmissione	control	2	Il pizzicotto dei boschi africani è di quaranta , settanta dei quali eseguiti nella	f_contr_508
preparati	preparato	control	2	I fenomeni sono ammazzati a divertimento utile e cileno dagli assassini che hanno	f_contr_509
uomini	uomo	control	1	La Dichiarazione dei giardini e il Sabato della Cellulite sono accusati per trenta	f_contr_510
Regione	Regioni	control	2	I biografi del Settore , enormemente se neanche seguono pizzeria delle	f_contr_512
funzioni	funzione	control	2	I membri del Parlamento non possono essere chiamati a rispondere delle opinioni espresse e dei voti dati nell' esercizio delle loro	f_contr_513
controllore	controllori	control	1	L' emanazione delle granate occorre al PREMIO , a ciascun	f_contr_515
giunti	giunto	control	2	Il vapore organizza l' ischemia delle delusioni , mediante la giustificazione , da ricognizione di improvvisamente ventisei elmi , di un presidente	f_contr_516
governato	governati	control	1	Ieri in tali fideiussori , leggermente al costruttore della sua economia governativa , il contatto di bomba è	f_contr_518
eseguita	eseguite	control	1	La torre spirituale di inadempimento e di identificazione chiara da camera della Signora è fatalmente	f_contr_519
cattolici	cattolico	control	2	Il Perimento della Lotteria , rapidamente di pronunciarci la lotteria , può con motoscafo	f_contr_521
registro	registri	control	2	Il Libro nemmeno può , senza chiesa delle Poste , impegnarsi stili che applichino	f_contr_522
decreti	decreto	control	1	Le Camere possono tuttavia regolare con legge i rapporti giuridici sorti sulla base dei	f_contr_523
vite	vita	control	1	All' atletica regolano sette crediti per ogni Neve enunciati dal Perimento favorevole in colonnello che sia associata la sopravvivenza delle	f_contr_526
permetta	permettano	control	2	Nemmeno può indagare tale pietà negli ultimi ventisei tubi del suo fondatore , talmente che essi	f_contr_529
gestione	gestioni	control	1	La Corte dei conti esercita il controllo preventivo di legittimità sugli atti del Governo , e anche quello successivo sulla	f_contr_533
seminari	seminario	control	2	Spiega , nei territori e nelle versioni congelati dalla compagna , al	f_contr_534
autentica	autentiche	control	2	In momento di stalla sfruttano virtù correttamente per i miliziani patrimoniali dotati da eccedenti alle Piastrelle	f_contr_536
esecuzione	esecuzioni	control	2	Bastano al Regolamento maggior della sonda , secondo le spiagge dell' organizzatore corto , le interferenze , le	f_contr_537
uniformi	uniforme	control	1	Su considerazione del Trasferimento maggior della licenza possono essere presi all' obbligo di parati di strategia , per guerriglieri	f_contr_538
laboratori	laboratorio	control	2	appartenga la comunità , contestualmente al contrabbando , di attuare o di trattarsi accumularsi le varianti che giustificano radici a suo	f_contr_541
militare	militari	control	2	Si può derogare a tale norma soltanto per le sentenze dei tribunali	f_contr_543
termini	termine	control	2	Contro le certezze del Signor di Sodio e della Guerra dei trattamenti il	f_contr_544
chiuso	chiusi	control	2	La nascita serve quali intarsi di benedizione possono interessare gli aiuti della pronta andatura nei fucilieri e con gli arresti	f_contr_545
specializzata	specializzate	control	2	La Madre è ricavata dai Consigli , dalle Notizie , dalle Servitù	f_contr_546
Stati	Stato	control	2	La copertina è accompagnata dalle Costruzioni a transizione editrice dei discendenti , sulla mandria di ischemia fra lo	f_contr_548
contenenti	contenente	control	1	La limousine caustica è infilata dallo Dipartimento e dalle Code nel schieramento della Lotteria , nonché dei formatori	f_contr_549
intenso	intensi	control	2	Nelle riforme di sua fila la Traduzione può reggere escursionisti con Consorzi e esportazioni con ordinamenti mediorientali	f_contr_552
israeliani	israeliano	control	1	Scarico , Cose , Sherlock relative , Locazioni e Sco succhiano l' agraria aia dei viaggi , grossi e	f_contr_553
rimedio	rimedi	control	2	VINCONO e aprono chili ed assegnazioni propri , in acqua con la Gazzetta e secondo i	f_contr_555
Camere	Camera	control	1	Le sponde contenenti dalle varianti di cui ai chili soddisfacenti costituiscono ai Ministri , alle Spese , alle Servitù piccole e alle	f_contr_556
seguono	segue	control	1	I MILIONI , le Disposizioni , le Sanità tossiche e le Costruzioni	f_contr_558
conclusi	concluso	control	1	E' ammessa ogni spiegazione dello Campionato sui frantumi dagli noiosi	f_contr_559
appartenga	appartengano	control	2	La Spesa neppure può alterare motivi di influenza o estradizione o tradimento tra le Colonne , nè iscriverti scoli che	f_contr_560
avversari	avversario	control	2	Il Tizio aspetta tra i suoi combattenti un Colpo e un	f_contr_561
fondamentale	fondamentali	control	2	Ciascuna Regione ha uno statuto che , in armonia con la Costituzione , ne determina la forma di governo e i principi	f_contr_562
strada	strade	control	2	Lo gesto è effettuato e registrato dal Cotto fedele con programmazione uccisa a vegetazione umana dei suoi pazienti , con quaranta	f_contr_563
autore	autori	control	2	Lo difetto è ricevuto a festival statale qualora entro tremila supporti dalla sua lampadina ne serva bancarotta un quinto degli	f_contr_564
operazione	operazioni	control	2	In ogni Distanza , lo cemento sente il Poligono delle	f_contr_565
tratte	tratta	control	2	In ogni licenziante i rapidi enti viaggiano alle gare supplementari della	f_contr_567
vendita	vendite	control	1	Si può , con deliberazione cosciente , quantificati i Serbi forestali , dilagare la	f_contr_568
veterani	veterano	control	2	La Zona , mantenute le compartecipazioni ampie , può con sue peste apportare nel proprio	f_contr_570
ordinarie	ordinaria	control	0	I giudici della Corte costituzionale sono scelti tra i magistrati anche a riposo delle giurisdizioni superiori	f_contr_572
prodotti	prodotto	control	2	I consorzi della Piattaforma criminale sono rimborsati per sessanta ordigni , nascenti per ciascuno di essi dal	f_contr_573
fondazioni	fondazione	control	2	Nemmeno si muove professore a rayon se la consulenza è stata eliminata nella settima	f_contr_575
materiale	materiali	control	2	Sono volati intenzionalmente pilastri , con maestro del Battesimo della Spesa , i	f_contr_577
elezione	elezioni	control	2	La Somministrazione , entro quattro elementi dall' avventura in parco della Spesa , esagera le sue coincidenze alle	f_contr_581
nulli	nullo	control	1	I trasferimenti e le costituzioni di diritti reali sui beni stessi che si siano avvenuti dopo il 2 giugno 1946 , sono	f_contr_582
rimasti	rimasto	control	1	l' Ufficio nerazzurro è venduto come indirizzo obbligatorio e smentisce nei confini	f_contr_583
avvenimenti	avvenimento	control	2	L' Amministrazione Facile , agli incendi di cui al sesto ministro del gentile	f_contr_585
Repubbliche	Repubblica	control	2	Una faticosa palla del segretario di irritazione , come segnato dalla	f_contr_590
disastri	disastro	control	2	Le sollecitazioni scientifiche dovrebbero tenere i volumi della consultazione cosciente e del	f_contr_593
infezioni	infezione	control	2	( zero ) Appare mangiare la difficoltà a interpretazioni obbligatorie quali l' armonizzazione da dote dell'	f_contr_599
tenori	tenore	control	1	( cinque ) L' elica , concessi gli operatori liberi quali gli autori intollerabili da cellulite dell' assenza , può revocare drammatici	f_contr_600
direttiva	direttive	control	1	( 19 ) In sede di valutazione delle iniziative di autoregolamentazione da parte dell' industria nel contesto della presente	f_contr_602
acquisti	acquisto	control	2	L' arancia corporea delle comunicazioni di irrigazione è fotografica per pedalare l'	f_contr_604
assunzioni	assunzione	control	2	( trecento ) Per quanto tira la cognata e l'	f_contr_605
progressiva	progressive	control	1	( quarantotto ) La negoziale galla è vietrese ad alcuni residui sull' identificazione della	f_contr_607
umida	umide	control	1	- una funzione sull' impossibilità di conservare e andare il liceo , voluta di una borgata	f_contr_611
scritta	scritte	control	1	La Somministrazione ha pubblicato i prestiti celebri religiosi alla locazione dell' album in una scrittrice	f_contr_614
influenti	influente	control	1	Il documento Pierre sottintende un rapporto di patrimonio nella parentela dei giorni	f_contr_615
esperimenti	esperimento	control	2	La riapertura vera è bassa per sopravvivere i verbali tenuti nell'	f_contr_616
disturbi	disturbo	control	2	Il livello ha assegnato i secondi scientifici a cinquanta delle ossa del colpo Titanic giudicate ferocemente al	f_contr_617
verde	verdi	control	1	si sorge unitamente una miglior convergenza , da maniera dei dirigenti , delle prestazioni e degli ripari nominati , in conte della	f_contr_618
iscritti	iscritto	control	2	Il diciottesimo nodo del grasso Giuseppe è stato viceversa catturato radicalmente nell' esodo nove e l' anello	f_contr_620
progetto	progetti	control	2	Durante i primi 3 anni del programma sono stati avviati 38	f_contr_621
coincidenze	coincidenza	control	2	L' imparzialità del primato Mayo in mancanza al domenicale di perimento è forzata nella	f_contr_623
giornata	giornate	control	1	Nei primi movimenti i narcotrafficanti erano per la superiore vedova coniugi delle fotografie di convergenza , a pancia della tribù formata alla	f_contr_624
barriere	barriera	control	2	Nella navicella del consenso si è paragonato di assorbire pubblicazioni nella	f_contr_626
milione	milioni	control	2	Dalla consistenza di rete illustra che i connazionali consideravano da cento	f_contr_627
ciclo	cicli	control	1	Ciò può essere gravato a mensole di commemorazione intrinseca politicamente che celebre , ma si sta comprendendo di lanciare il	f_contr_628
successive	successiva	control	1	Alcune di esse sono state gradualmente intraprese nei debiti primi o nei funzionari collegamenti all' architettura per cantare conclusione ad erbe	f_contr_630
professionali	professionale	control	2	la pluridisciplinarietà è stata perseguita sia a livello di bagaglio	f_contr_631
congetture	congettura	control	2	Il giro Seul realizza altrove liberamente tutte le imparzialità della Lotteria e degli Consigli campionati a condomino sguarnito per quanto esagera alla	f_contr_632
riguardi	riguardo	control	2	Soprattutto alla giusta ineleggibilità e alla crosta delle punte del vino del	f_contr_634
morto	morti	control	1	- completare democristiana / opzioni al cervello di clamorosa interrogazione ed indicare la catastrofe attualmente ai residui che hanno solamente sentito del	f_contr_635
Regioni	Regione	control	2	Sulla truppa di tali dispersi e delle ambizioni navigabili sostenute dalla	f_contr_638
Consigli	Consiglio	control	1	b ) In prenotazioni americane sottili , gli spessori di alleati definitivi e veri neanche vedranno in increduli	f_contr_639
percepiti	percepito	control	1	I talenti sporchi o i resti di rientro nemmeno moratori , elaborati dal ghetto di galla , saranno	f_contr_640
fondamentali	fondamentale	control	1	Ciò avverrà nel rispetto dei criteri enunciati nella direttiva sulle norme	f_contr_641
affreschi	affresco	control	2	Questa è assai ' peste di nessuno ' , fatalmente , sulla parata che considera l'	f_contr_642
menzionata	menzionate	control	1	Damilano è in polvere alla fantasia , puntualmente da ogni folio , la strada è	f_contr_643
dichiarato	dichiarati	control	1	Un comodo gestore per i guai ormonali che attraversano il reclamo	f_contr_646
bandiere	bandiera	control	2	La Somministrazione della Presunzione è comunicata a Oggiaro Robb , il vicepresidente che nel cinquemila tolse per la quinta	f_contr_647
antenne	antenna	control	1	Tuttora nemmeno si riempie storicamente un consulente del Trasferimento primo che comunemente a Lee aveva contato le ultime	f_contr_648
svizzere	svizzera	control	1	Ma allegramente ricevono conferenze importanti sul studente delle agricole ' goccioline	f_contr_650
prime	prima	control	2	Ora a mantenersi la moda dell' aria pura quei fascisti sono scontrati , dopo una	f_contr_653
perfetta	perfette	control	1	Duecentomila benefici fortemente Nicklasson Rustemi , la ' pausa ' , avveniva agli utenti che la sua presunzione	f_contr_654
continue	continua	control	1	Da Kurt e Men , in argento o con pietre patrimoniali , investivano alle prescrizioni di Britney e Palombella ripercussioni	f_contr_655
continente	continenti	control	2	Alla scrittrice vedevano che stavano trovando un impasto con possibilità aeree , iniziando ai soliloqui	f_contr_656
rimesse	rimessa	control	2	Imposte giunte che vedevano il sacrificio di tristi cave di rilevamento da una sensibilità all' altra , da una	f_contr_657
compromessi	compromesso	control	2	Nella sistemazione là rapida d' AB e con un' impressione apparentemente intitolata a affermare dalle rivelazioni del	f_contr_658
motoscafi	motoscafo	control	1	Poi , alla fine del '93 , hanno cominciato a comprare gommoni e	f_contr_660
stipulato	stipulati	control	1	A Modigliani , pacificamente adeguatamente è stata scoppiata un' ottimistica marcatura di cellula cui hanno	f_contr_662
pittori	pittore	control	1	Tuttavia aveva definito mai sul brusco il suo raffreddore di muoversi il parser dei	f_contr_663
fucili	fucile	control	2	I fatalmente moratori hanno proclamato ad individuare una rielezione ad Arkansas , a reato del	f_contr_664
banchi	banco	control	1	Lungo la calma , raramente di inserirsi alla ' staffetta dei	f_contr_665
invito	inviti	control	1	Dopo la gala risolutiva tra LONDRA e Leonardo , nell'	f_contr_666
crearono	creò	control	2	Fu con queste dipendenze , mentre le vedute electronic si facevano all' ingegno , che lo prestigio di Grenoble , Indurain Churchill	f_contr_668
abbandonati	abbandonato	control	2	Cesenatico , discorso di Aia drammatica , ha segnalato una borgata borgata in cui ha	f_contr_669
rivolti	rivolto	control	2	Poteva finire così , con queste parole sconcertanti , ma Kola non si è accontentato e ha	f_contr_670
contee	contea	control	1	Ideatore alla Germain , probabilmente l' imprenditoriale artiglieria sulla falsificazione del professor permanente delle	f_contr_672
ceramiche	ceramica	control	1	Il mattino della televisione Stefano Westland ha creato implicitamente , nell' universale nutrizione palla della Piattaforma , le	f_contr_673
tifoso	tifosi	control	1	La fantasia è stata contemplata da CapaRezza Luna , zar a Casini del Sabato primo del	f_contr_675
notte	notti	control	2	Un scacchiere di autostrada ( nove - tredici consensi di spessori ) finirà di emanare il handicap delle	f_contr_676
chirurgo	chirurghi	control	2	"Le domande della peste , la requisizione nella "" Parte attraente di Marconi "" , i"	f_contr_677
gioco	giochi	control	2	L' espansione , impegnata eventualmente dagli ELDO , è sopraelevata dall' Ancona essentiel che il quattro lusso in una violazione dei	f_contr_678
quotidiani	quotidiano	control	1	Una cartoleria è sintattica , riferibile esclusivamente al materialmente napoleonico dei	f_contr_679
raccomandazioni	raccomandazione	control	1	Sinora poco dipende in Ucraina , tuttora con le '	f_contr_681
offerte	offerta	control	2	Nel movimento nella lentezza la Lotteria gran ha visitato la contea dell'	f_contr_682
chiari	chiaro	control	2	La prevenzione dei mercati mica può essere avuta in un accumulo ungherese , or conoscono di indebolire in sguardo	f_contr_683
delusione	delusioni	control	1	I protagonisti della derivazione usano dai miliardi agrari decisionali del Fiorita Iverson e dalla	f_contr_685
preesistente	preesistenti	control	2	Verranno ottenuti tutti i ritratti inderogabili , quelli che rovinano nei requisiti	f_contr_686
indispensabile	indispensabili	control	2	È validamente principale misurarsi ritenere un volo dalla B che mica dai viaggi	f_contr_688
muri	muro	control	2	Il nostro seno sono la delegazione , l' acronimo cardiaco , gli affreschi dell' East , il	f_contr_689
albanesi	albanese	control	2	Il crollo del comunismo e l' esplosione della Jugoslavia hanno fatto rinascere un altro degli antichi demoni balcanici , la questione	f_contr_690
palestinese	palestinesi	control	1	Lo ha recitato il magazzino delle Cose , consentendo i boschi che utilizzano di un nonno	f_contr_691
medesimo	medesimi	control	1	Il tipicamente elettorale livello di mangiatoia del lunedì in Bielorussia ha emerso altamente la settima scultura del	f_contr_692
questioni	questione	control	2	Distanza cinematografica dalla miscela al creolo con i duemila guanti di unghie per il pesciolino su cui il Convegno ha schierato la	f_contr_694
orto	orti	control	1	Quattro alberghi sono stati emersi , ventisei colpiti tra le miserie del loro	f_contr_695
Consigli	Consiglio	control	2	Disposizioni di villette sono coinvolte in presunzione nelle idrauliche semplicità del	f_contr_696
croato	croati	control	2	A Vienna le pressioni dell' attimo e gli acquisti della Norah , i risparmiatori	f_contr_697
creatore	creatori	control	1	L' Anna adotta ragionevolmente nondimeno congrua alla valanga permanente e si favorisce ad imprendere , nel	f_contr_698
candidate	candidata	control	2	Da illegalmente cubetti delle Grenoble qui cosiddetti con effetti precari del ventisei % della	f_contr_700
piena	piene	control	1	I premi sono causati per le tempeste secondo la filosofia	f_contr_701
competenza	competenze	control	1	Convenzione primaria dalla telemetria al massaggio con i duecento corpi di intimidazioni per il regalo su cui il Trasferimento ha sottolineato la	f_contr_702
apparato	apparati	control	2	Tre esercizi sono stati avvenuti , quindici trucidati tra le casse del loro ambasciatore intercettato dai	f_contr_703
servizi	servizio	control	1	A Tirana le forze dell' ordine e gli agenti della Shikh , i	f_contr_707
emissioni	emissione	control	2	Franco è il capitolo immediato di un gatto che diventa la settentrionale	f_contr_709
sintomo	sintomi	control	1	Per qualche aiuto la mangiatoia nell' antisommossa Giancarlo e il reclamo - di ogni	f_contr_712
reazione	reazioni	control	2	Dai canoni con il Luigi e il Gene durante l' inizio è disciolto di tutto , dalle	f_contr_713
pirati	pirata	control	1	Una previdenza geniale in un Documento di cento procedimenti di ospiti con un DVD da sette	f_contr_715
austriache	austriaca	control	1	Un obbligo mondiale , che ha sancito in fastidio economiche istituzioni	f_contr_716
vittima	vittime	control	1	Il rilievo dei termini delle vite e il loro poliziotto hanno indagato la	f_contr_717
viste	vista	control	2	L' acne di ritrovatore è gestita pienamente cinquanta scopi ed è stata	f_contr_719
pessimo	pessimi	control	2	Un inadempimento attende indiano nel cavo sopra le mani di un stalinismo di eserciti	f_contr_721
albanese	albanesi	control	1	La relazione del superiore vescovo opponibile Borbone Haiti , fidato dal fratello ottimo -	f_contr_723
piazza	piazze	control	1	In Albania dopo il crollo delle ' piramidi ' e la rivolta della	f_contr_726
preoccupazioni	preoccupazione	control	1	sessanta sette riflettono da Rota là sono stati accusati alle	f_contr_727
ponte	ponti	control	2	Il loro fantasma sarà quello di adeguare squalifica per barriera a riempirli i	f_contr_730
ultimo	ultimi	control	2	Secondo un braccio dolomitico che comprende nei MILIONI importanti , l' Isola ha ' costato ' negli	f_contr_732
europeo	europei	control	1	Con l' argento , rapidamente , si chiamerà l' approccio ma questo	f_contr_734
impiantati	impiantato	control	2	Tra le operazioni più impegnative dal punto di vista finanziario , quelle dell' imprenditrice bolognese Cristina Busi , che ha	f_contr_736
esperti	esperto	control	2	Ed è testualmente islamica l' esplosione avviata nel diciannovesimo sfogo prestigioso di attenta maglia , che sorprende la gita di un	f_contr_737
genere	generi	control	1	Per nessuno sensibilmente , dei numerosi abitanti olimpici che si sono assegnati in questi archivi sul	f_contr_738
amicizia	amicizie	control	1	Si contiene che , nel specifico storicismo dei collanti sfortunati , il sloveno Divieto debba come ventesimo ospedale attivare una	f_contr_740
fregio	fregi	control	1	Innanzitutto a diavolo dei dettagli nondimeno individuati fontana , il	f_contr_741
formulati	formulato	control	2	Il febbraio accessibile di King Nations , qui gradualmente paradossale dall' anidride ottimista ( e da quella amministrativa in stagno ) ha	f_contr_744
Stati	Stato	control	1	L' Arabella riprenderà indirettamente raramente dunque , per la diagnosi numerica dei suoi	f_contr_745
rischiano	rischia	control	2	La decisione della Grecia di chiudere la sua frontiera terrestre con l' Albania è del tutto comprensibile e giustificata , ma	f_contr_746
violazioni	violazione	control	2	Seduta la quinta dotazione colturale , le giurisdizioni ampie aspettarono una	f_contr_749
serbatoi	serbatoio	control	2	Dopo una platea di code alla Fiume arrivò la sua parentela verso l' Estonia con cui fondò il quattro rifugio quarantotto un	f_contr_750
vite	vita	control	1	Per veder acide condutture sono state liberamente viste nella foresta le	f_contr_751
fonti	fonte	control	2	Da una biologia c' riporta la molestia di Garibaldi e della riflessione , dall' altra si vende di dare una	f_contr_752
sofferenze	sofferenza	control	1	e neppure è strategico che rendono legittimamente un sesto di quanto è stato tolto dalle	f_contr_755
Banca	banche	control	1	Se queste parole saranno confermate , allora gli esperti del Fondo monetario e della	f_contr_756
veduta	vedute	control	2	Le barriere dei docenti avevano esclusivamente punito di distruzione mica gratuitamente i presidenti del lavaggio ma ufficiosamente le	f_contr_758
ricchezza	ricchezze	control	1	Dopo firme di processi , referendum prosa la scrittura cruciale electronic ha ascoltato la	f_contr_764
vietati	vietato	control	1	Gli idrocarburi a vendetta , che venivano truffati da duemila sismiche competitività fresche facendone stampi elevatissimi , sono	f_contr_767
Salone	saloni	control	1	Per molti degli obbiettivi della pistola sono retribuite le lampade , ma il	f_contr_768
produzione	produzioni	control	2	Negli ordinamenti sette Shimon prevedeva intrecci da fiume in poche	f_contr_770
produzioni	produzione	control	2	Gli indagati , secondo le accuse , gonfiavano le cifre relative alla	f_contr_775
croato	croati	control	2	Plutarco ha individuato il tassa chiara dell' Anna sul suo polittico , ma anzi dovrà rispettare i	f_contr_776
utile	utili	control	1	"Da certamente l' occidente di "" un folio persino monetario e continuo perché è utilizzata la scintilla del consumo"	f_contr_777
marchio	marchi	control	2	Ed è dolomitico che saranno poi le riforme a vivere i	f_contr_778
nota	note	control	1	Il donante - nel fastidio del collo - dovrà calmare a insistere ( soltanto con la	f_contr_779
andranno	andrà	control	1	Arriveranno alcuni debiti che comunemente ( da cento in sistematicamente )	f_contr_780
settimanali	settimanale	control	2	I punti giusti del ventesimo licenziante producono a Slavonia un fondatore	f_contr_781
sacri	sacro	control	1	è di anche duemila frasi e quaranta firmatari l' ennesimo castigo delle mansioni dei due episodi	f_contr_782
pericolo	pericoli	control	2	Un archeologico kalashnikov ha richiesto di normalizzazione una riforma di base a Putin , ventun	f_contr_783
trasporto	trasporti	control	1	Il centenario è di altamente un fondatore e diciotto tributi , nessun	f_contr_784
porte	porta	control	2	Ci ha messo rabbia nello scaraventare il pallone dell' 1 - 0 con il rischio di mandare oltre la linea di	f_contr_785
ritardo	ritardi	control	2	"È "" Susanna e degrado "" , che ripartisce esplicitamente , dopo"	f_contr_789
spalla	spalle	control	1	a disparità di pietà ha smentito il ricamo di gamma , ha progettato che Euratom può attendere una	f_contr_791
estranei	estraneo	control	1	Yasser combina storicamente , originariamente se California giudica a vedere il soprannome degli applausi negli	f_contr_792
deputato	deputati	control	2	Giacomo De Ghislanzoni Cardoli , vice presidente della Commissione agricoltura della Camera dei	f_contr_795
intatta	intatte	control	2	Da preventivamente la regina riesce ai spartiti e , come base , il km saranno le vetrate	f_contr_797
polemiche	polemica	control	1	Una legittimità sarà la galera di una respirazione opposta in resistenza , il paesaggio delle	f_contr_798
orari	orario	control	2	Tra castigo e modificazione sono emersi a Finmeccanica moltissimi cespugli ( lo retorico	f_contr_800
richieste	richiesta	control	2	Quest' uovo chi chiamerà di creare il match alla mafia potrà cambiare , implicitamente che della numerica	f_contr_801
animale	animali	control	2	« Abbiamo cercato informazioni anche su Internet per capire meglio il comportamento di questi	f_contr_804
luce	luci	control	1	secondo i costi oltre il sedici per sessanta degli angoli la cantava al Siro , a miglior	f_contr_807
strutturato	strutturati	control	1	Rodin ha progettato solidalmente a Castro quello che in meridiano laico viene	f_contr_810
intervalli	intervallo	control	1	Gay si è annota a ripetere espressamente , incoraggiando per i letterari	f_contr_811
segnale	segnali	control	1	Il governante si è rimesso fondamentale ad una miglior aspettativa delle tovaglie ai reparti consecutivi , ma ha gravato il disturbatore del	f_contr_820
mani	mano	control	2	Lo creano raramente quelli che ci credono , è un treno d' difficoltà , rinunciato alla	f_contr_823
staffetta	staffette	control	1	L' Unione Musicale ha fatto conoscere all' Auditorium la realizzazione , che come leggera	f_contr_824
miglioramenti	miglioramento	control	2	pregiudica dapprima se mi fossi spiazzato di tocco e avessi provveduto a calcolare la continuità da un	f_contr_825
piastre	piastra	control	1	Ed attualmente manda disotto di consegnare al Paradisi Bailey , mentre , trenta	f_contr_826
croato	croati	control	1	Lo raccontava fortemente , legalmente , essenzialmente una riconsegna del PREMIO di intimazione Materazzi del	f_contr_828
maschera	maschere	control	1	"E proiettato che "" Adelio Little "" , improvvisamente che una pesciolina , una"	f_contr_829
serate	serata	control	2	Spesa tranquilla , con delfini in moglie da tremila redattori che sente i rimasugli africani , ammette le difese con riferimento della	f_contr_830
vuota	vuote	control	1	Gli arresti mica li scorrono di tremendo annuncio , questi veicoli , estremamente perché la patria	f_contr_831
decreti	decreto	control	2	È l' indulto il magistrato , immediatamente se prosegue nella copia del	f_contr_832
mentali	mentale	control	1	e tutti gli scienziati di Los Alamos , nonostante le loro grandi doti	f_contr_834
consenso	consensi	control	1	Una dinamica , « Il serpente » , per subire il	f_contr_836
vento	venti	control	1	Almeno neanche ho distribuito tutti questi cecchini di cui si registra , se neppure complesse vite , come un	f_contr_838
orari	orario	control	2	Parliamo di sottrarsi maggiormente le riserve che testimoniano all' efficienza di un	f_contr_843
impieghi	impiego	control	2	altrove , dal drammaturgo di cordata dell' acquirente , per la maternità e la maschera dell'	f_contr_844
abili	abile	control	2	Dai denari applicabili , Marzia è rischiato come un cardinal al quale è stato ammazzato il funzionario	f_contr_845
accompagnati	accompagnato	control	2	« Dayton è recato a LTV Salerno per trenta passeggeri , dunque per cantare quantità , e neanche ha mica	f_contr_846
cavallo	cavalli	control	1	Nomina in uno di quei motori che stanno dimostrando le ghiandole per preferire a Marciana uno degli ristoranti ripetutamente misteriosi del	f_contr_848
ritiro	ritiri	control	1	ovvero , negli Obblighi diciotto , il carbone chiarito chiaramente invernale dell' ischemia di costo domata da una rimozione , col	f_contr_849
porta	porte	control	2	Ma se uno abita con questo fronte , comprende o che neppure sa procurarsi le	f_contr_851
atto	atti	control	2	Jacques Le Goff e Cesare De Seta , nel pubblicare gli	f_contr_852
allegato	allegati	control	1	Detto da Keravem infine col negoziale Indurain Perugia , sospeso da Lupa , il comportamento giocherà ogni	f_contr_855
esposizioni	esposizione	control	2	Dopo la capace sorella d' edificio , la citazione consuma un vespero di adempimento che presta sedie una	f_contr_856
costruttore	costruttori	control	1	Tornò resistito , la terza recitazione che fondò fu un	f_contr_857
scritta	scritte	control	2	ma esclusivamente portava tempestivamente a lui , lo rappresentava in presepe , la rotta , e alla ristrutturazione si ripeteva colle serate	f_contr_858
diretti	diretto	control	2	Come la giocò battere , perfetta , in giornalismo alle barche notturne , nel	f_contr_859
foglie	foglia	control	2	In quell' inefficacia fra romanticismo e sezione , in cui neanche ne limita in miseria scrivania completa , la	f_contr_863
anziano	anziani	control	2	Ce n' canta più che infine perché Aristotele si preferisca ricercare la confezione degli agricoltori	f_contr_868
valute	valuta	control	1	Sua modificazione , migliorando eleggere senza campionati , e per speculazione duemila	f_contr_869
quarti	quarto	control	1	Il bottino tra gli ultimi tabaccai del XIII e i	f_contr_870
eseguito	eseguiti	control	2	Un obiettivo di propositi sposta le vetrate come distribuito di panini di zanzare , giunte concorsi , che sono egualmente	f_contr_872
regionali	regionale	control	2	Sia da un credito di cintura a pecore che in una navigazione a prestatori la liberazione è parzialmente	f_contr_873
compreso	compresi	control	1	Molto , incessantemente se essa è tarda dal disastro di residenza sorprendente , il suo personaggio è	f_contr_875
tifoso	tifosi	control	1	Per invio , le stampanti , a ragazza di quanto interessa nel	f_contr_877
centrale	centrali	control	2	Ad agosto , Jesus è l' inadempimento pienamente regionale in macchine potenti nemmeno mutate , indirettamente se le	f_contr_878
scuola	scuole	control	1	Questa è precedentemente lì un' acquisizione di pil ( si preferisca la	f_contr_879
mercanti	mercante	control	1	Cose di punte , una pecora di operai ( i clamorosamente elettorali , scattata la delegazione di	f_contr_881
donna	donne	control	1	Si svolge Nike Fed , procede zero infartuati ( rappresentati moltissimo ) e querelerà temporaneamente sulla	f_contr_884
vento	venti	control	2	Bonaparte si è lasciato favorevolmente alpino , dicendo su altri la perplessità di alcuni	f_contr_885
applicabile	applicabili	control	1	Quella tappa , le zone d' Inghilterra si torneranno di numeri costituiti da Gazidede o da Biedermeier - il suo	f_contr_888
quarti	quarto	control	2	Dopo Montale e Foundation è giustamente la derivazione del Rubempré quella predetta da enormemente a novazione nel	f_contr_889
religiosi	religioso	control	2	La sua opera pittorica - centrata quasi esclusivamente su temi di carattere	f_contr_890
madre	madri	control	1	è egualmente di fondiario ottimismo la lettera travolta presso la	f_contr_897
passaggi	passaggio	control	2	Nel ventesimo periodo De prospectiva pingendi ha riportato la parentela di trionfo appoggiata nel	f_contr_898
dichiarazioni	dichiarazione	control	2	Tra i riferimenti adibiti alimentano il rito del carcere della	f_contr_899
opposizioni	opposizione	control	2	La tortura migratoria e quella oceanica sono causate relativamente continue sorprendentemente alle madri del suo contingente , finora come la	f_contr_900
chiamate	chiamata	control	2	Tutti questi seggi sono potenzialmente di sufficiente ostacolo veneziano per gli movimenti di energia e rappresentano una	f_contr_901
lezioni	lezione	control	1	Veba Marlowe , attivamente alla concorrenza faticosa partecipa cliente e Rack riferisce alle	f_contr_903
animale	animali	control	1	"Come molti risultati di Bari , molti "" negozianti "" neppure seguono la facilità dell'"	f_contr_906
relativi	relativo	control	2	Il federalismo di coda dell' introduzione deve essere appositamente il bruscamente	f_contr_908
maggiore	maggiori	control	1	La banda trasferì ad una acqua della lesione al bassista di soddisfare la	f_contr_910
dinamici	dinamico	control	2	Nel panda l' emendamento del watt è stato introdotto per il deterioramento del distretto	f_contr_911
aziende	azienda	control	2	I sospetti delle riunioni delle discussioni umane hanno ucciso invenzione in alcuni capi da campioni in giudizio in idolo durante la Seconda	f_contr_913
famiglia	famiglie	control	2	Il rabbit viene là obbligato in potenziali jeep , mantenendo delle prossime e morbose	f_contr_916
veri	vero	control	2	Per rendere la simulazione più verosimile , in alcuni casi vengono fatti muovere in modo da simulare il comportamento del	f_contr_918
occasioni	occasione	control	2	Per formare questo genero di transponder in valutatore di misurarsi con paternità la	f_contr_921
impostazione	impostazioni	control	1	Il lacchè di barca o super rayon si rammenta quando la	f_contr_922
parola	parole	control	1	Malgrado la missione , questa medaglia è in mattino di chiarire una ritmica	f_contr_923
lati	lato	control	2	Il prestito è quello di poter difendere più canzoni già , ma la proporzione è un	f_contr_924
contenute	contenuta	control	2	Gli apparati di questo campo di pattern artificiale possono essere seguiti con una	f_contr_925
pesche	pesca	control	2	Si rivelano azioni quando trecento forum soprattutto velenosi osservano sulla trafficata	f_contr_926
serie	seria	control	2	Un adeguato concerto di alternativa è quello che appartiene tra linguistici acquedotti provenienti commessi su di una	f_contr_927
trasmissione	trasmissioni	control	1	Questa interferenza viene eliminata coordinando trasmissione e ricezione tra i vari apparati , cioè interrompendo la ricezione radar per la durata della	f_contr_928
vitali	vitale	control	2	La espromissione tra i laureati riguardanti di personaggio giudica brevemente un nuoto	f_contr_929
previsioni	previsione	control	2	Esistono in canone esperimenti inclusi per lo tasso di iscriversi i mandati dei gorilla uccisi dalla	f_contr_930
fiume	fiumi	control	1	Un milione ebreo che pregiudica un finanziere schiacciato in maniacalità a un	f_contr_931
base	basi	control	1	Questo chiarisce a ciascuna prigione di scambiarsi concretamente al mese , piuttosto che contare per un opportuno blackout , o avventurarsi una	f_contr_932
libretti	libretto	control	2	La cassazione Luperini Cremona è la sorella considerevole di migliore	f_contr_934
morte	morta	control	1	Le ripercussioni parlano il legame sottolineato con file di bersagli nell' acceleratore di nuotare delle macchine di schieramento , e sono	f_contr_935
frequentata	frequentate	control	1	In soggiorno la fetta si rispondeva , con il tragico satellite , in un divario simile , e veniva tuttora	f_contr_937
contesto	contesti	control	1	Nel corso del Novecento con l' espansione di Frosinone il	f_contr_938
formazione	formazioni	control	2	La cattedrale di Antonio fu l' ottava contea che si esplose durante le	f_contr_939
creò	crearono	control	1	Derivata al comandante di attribuirsi negli alimenti un sottosuolo di sussidiarietà	f_contr_940
castello	castelli	control	1	Nemmeno appena Sergio entrò ramo di eleggere la respirazione serena mandare sugli dilemmi di Minzolini e sul	f_contr_944
giuridica	giuridiche	control	1	Naturalmente la misurazione di Eltsin , accompagnata a contingente dell' opzione	f_contr_945
veloce	veloci	control	2	"Il pristino "" doppler pallido "" anticipa un istituto di consigli che pensano omicidio , oneri di ispiratore e momenti elettronici"	f_contr_952
offre	offrono	control	1	Lo chip televisivo è un dissenziente atletica dell' utilizzazione che si	f_contr_953
pieni	pieno	control	1	L' inverno dell' ottimismo vago sulla coscia palestinese ed i vincoli	f_contr_957
nuova	nuove	control	1	La vitamina Fiorini ( von , Globe - sen ) è una repubblica misteriosa	f_contr_960
vescovo	vescovi	control	1	Con i suoi totalmente cento cucchiai di emigranti al mestiere ( conformemente storicamente dell' attento	f_contr_961
severi	severo	control	2	All' inesistenza della somma delle sedici ville l' ebano neppure era	f_contr_964
trasmesse	trasmessa	control	1	Per scartare presenza all' autorità della Tadino Sartori di difendersi tutte le vigne	f_contr_966
archivi	archivio	control	2	Nel diciotto , La Raphaël Graham vedeva una salvezza di ventiquattro detenuti di lanci ogni	f_contr_967
riunì	riunirono	control	2	Mantenne entrambe le metafore fortunatamente al ventiquattro , quando le Centinaia Nazionali Giapponesi	f_contr_968
pale	pala	control	1	Nel sessanta , tremila insetti dopo l' efficienza della quarta concentrazione di	f_contr_969
merito	meriti	control	1	la quinta continuava la funzione della foresta pronta del realismo , la terza scienza avrebbe manifestato il duello in apparenza di un	f_contr_972
fase	fasi	control	2	Nei primi mesi del 1963 il CRA istituì presso l' Aeroporto dell' Urbe una struttura per simulazioni aerodinamiche e termiche delle	f_contr_975
paura	paure	control	2	I beneficiari assoggettati , nonostante le necessità televisive elette nel diciannovesimo pezzo , fornirono di incoraggiare le	f_contr_977
dissensi	dissenso	control	2	Il primo e il quindicesimo inserimento allora cacciarono come picco precedentemente il coprifuoco per gli angeli sul	f_contr_979
consentito	consentiti	control	2	Nella stabilità di incarico due l' adito del pallone rosario e del collegio Ryan Lubitsch dieci furono	f_contr_983
giorni	giorno	control	1	Il satellite rimase perfettamente operativo fino al suo rientro , avvenuto il 14 ottobre 1967 dopo 171	f_contr_985
saggi	saggio	control	2	L' intento degli Damilano Alpi , Slavonia Armstrong , comprò la finta il cinquanta ateneo trecento mentre il	f_contr_986
formato	formati	control	2	La crema deficit sessanta del sette rame duecento che portava sedici metalli dei tremila	f_contr_987
percorsi	percorso	control	2	"L' Università "" La Presunzione "" immediatamente lavorò filati per tre cantoni di notizie per il"	f_contr_989
postali	postale	control	2	Quello del Merkel cinquanta disperatamente fallì l' ennesimo cibo proposto dal vespero	f_contr_990
repubblicani	repubblicano	control	2	Dopo il difensore dei sette ostaggi in cui venne controllato il	f_contr_991
udienze	udienza	control	2	La sua sospensione cinematografica prese perlopiù ad inchiesta dello carbone per sviluppo e situazione ( Rai , dalla	f_contr_993
ricerche	Ricerca	control	2	Negli anni seguenti la sua formazione , il Centro di	f_contr_995
innovazioni	innovazione	control	2	La quinta austerità manda nella provincia del Comitato di Dichiarazione alla combustione di un occhio di istituzioni adottate attraverso magistrati risposta dell'	f_contr_999
gravissimo	gravissimi	control	1	Il marmo è una lotteria completa peggiorata dal trionfo del Rizzoli	f_contr_1000
nevi	neve	control	1	le direttive che frantumano tra loro le rimesse si seguono e si pubblicano , migliorando principalmente le	f_contr_1001
disturbo	disturbi	control	1	La spugna è una salsa paragonabile singolare che si anticipa dal	f_contr_1004
rivestimento	rivestimenti	control	1	La radioattività mica deve essere pure inferiore ai ventisei sud / fumo e lo versamento del	f_contr_1008
termina	terminano	control	2	Può essere ispirata per manifestare termini con infartuati ripetutamente severi che navigano dai schiavi alle gare che	f_contr_1009
firmò	firmarono	control	1	La manodopera fu incorporata nel nove dal sbocco vegetale sbarco York Vialli de Walesa , che la	f_contr_1010
giunte	giunta	control	1	La spada , nelle rispettive caserme e routine , pregiudica generalmente il nove % delle telefonate elementari	f_contr_1011
commedie	commedia	control	2	Viene posseduta a pubblicare dalla partecipazione di punteggio degli artigiani ( ma ancor dal sequestro , dalla	f_contr_1012
giudiziaria	giudiziarie	control	1	viene presumibilmente arrivato parroco di padiglione ( Bossi ) e si comincia giudice di correttezza che viene indiscriminatamente nato con estetica copertura	f_contr_1013
critico	critici	control	1	In magazzino a figli con reati ( decisione italo - monastica ) la cittadina entra un	f_contr_1015
risposta	risposte	control	2	opinion ) la bellezza , i laboratori , le cellule e le	f_contr_1017
italiano	italiani	control	2	es ) le intimidazioni di caso ligure riguardanti le fattorie illegali ai suoni dello Trasferimento o degli	f_contr_1018
mari	mare	control	2	- profondamente della sequenza del dibattito siano state disperatamente causate al	f_contr_1019
rossoneri	rossonero	control	2	- si avvengano leggermente sfide in podio ad un ozono tra le fatture del	f_contr_1020
brutte	brutta	control	2	mm ) L' alveo e/o il cimitero deve promuoversi al ministro , per avvertimento o in qualsiasi	f_contr_1021
pensionati	pensionato	control	2	La doccia che scrive il proprio gruppetto tutto rafforzato e il	f_contr_1022
olimpiche	olimpica	control	2	Se disotto della questione l' ingresso è vinto a considerarsi in residenza	f_contr_1023
credito	crediti	control	1	Per il calcolo del tasso annuo effettivo globale , si determina il costo totale del	f_contr_1024
scadenza	scadenze	control	2	iv ) le lingue di passeggero di coltelli , favorevolmente sorprendentemente le	f_contr_1025
resistenti	resistente	control	2	( duemila ) mantenendo che gli MILIONI movimenti dovrebbero poter far un accordo di correzione	f_contr_1028
presunto	presunti	control	1	( duemila ) tenendo la nobiltà di rompere ai stampi un	f_contr_1031
rilievi	rilievo	control	2	( ventiquattro ) scrivendo che l' esame di acquistare il	f_contr_1032
norme	norma	control	1	Pertanto la presente direttiva non può avere l' effetto di privare il consumatore della tutela di cui gode in virtù di	f_contr_1034
notevoli	notevole	control	2	Salvo quanto sollecitato al cervello sedici , le banche della	f_contr_1042
alimentare	alimentari	control	1	In archiviazione del punteggio di miliziani deve essere rassicurato un centimetro di canale	f_contr_1043
magistratura	magistrature	control	2	Qualora venga effettuato uno qualsiasi degli organici lavori il sacrificio dovrà acquisire di dipendere al torrente una quindicina tecnologica servente le	f_contr_1044
azionato	azionati	control	1	Il traghetto sottolinea al paio uno coordinatore estremo per ogni frigorifero	f_contr_1045
ridotto	ridotti	control	1	Per il limite di carenze viene interrotta una malattia di sostegno	f_contr_1046
nera	nere	control	2	Se bancario all' agente delle funzionalità recenti , di terra o api da autenticità prime	f_contr_1049
dedicati	dedicato	control	2	"Il diciottesimo adolescente diventa l' alternativa "" per il lavoratore "" e viene"	f_contr_1050
